tranid,recordtype,filename
175555,vendorpayment,PMX3.xml
175555,vendorpayment,PMX3.xml
175555,vendorpayment,PMX3.xml
175555,vendorpayment,PMX3.xml
175555,vendorpayment,PMX3.xml
175555,vendorpayment,PMX3.xml
175555,vendorpayment,PMX3.xml
175555,vendorpayment,PMX3.xml
175555,vendorpayment,PMX3.xml
175555,vendorpayment,PMX3.xml
175555,vendorpayment,PMX3.xml
175555,vendorpayment,PMX3.xml
175555,vendorpayment,PMX3.xml
175555,vendorpayment,PMX3937.xml
175555,vendorpayment,PMX3937.xml
175555,vendorpayment,PMX3937.xml
175555,vendorpayment,PMX3937.xml
175555,vendorpayment,PMX3937.xml
175555,vendorpayment,PMX3R937.xml
175555,vendorpayment,PMX3S937.xml
175555,vendorpayment,PMX3937.xml
175555,vendorpayment,PMX3937.xml
175555,vendorpayment,PMX3B937.xml
179289,vendorpayment,PMX3971.xml
179906,vendorpayment,PMX3972.xml
179910,vendorpayment,PMX3973.xml
179910,vendorpayment,PMX3973.xml
179910,vendorpayment,PMX3973.xml
180658,vendorpayment,PMX3974.xml
197534,vendorpayment,PMX318.xml
197534,vendorpayment,PMX318.xml
197534,vendorpayment,PMX318.xml
197534,vendorpayment,PMX318.xml
197534,vendorpayment,PMX318.xml
197534,vendorpayment,PMX318.xml
197534,vendorpayment,PMX318.xml
197534,vendorpayment,PMX318.xml
197534,vendorpayment,PMX318.xml
197534,vendorpayment,PMX318.xml
197534,vendorpayment,PMX318.xml
197534,vendorpayment,PMX318.xml
197534,vendorpayment,PMX318.xml
197534,vendorpayment,PMX318.xml
197534,vendorpayment,PMX318.xml
197534,vendorpayment,PMX318.xml
197534,vendorpayment,PMX318.xml
197534,vendorpayment,PMX318.xml
197534,vendorpayment,PMX318.xml
197534,vendorpayment,PMX318.xml
197534,vendorpayment,PMX318.xml
197534,vendorpayment,PMX318.xml
197534,vendorpayment,PMX318.xml
212519,vendorpayment,PMX338.xml
212519,vendorpayment,PMX338.xml
212519,vendorpayment,PMX338.xml
231568,vendorpayment,PMX383.xml
231568,vendorpayment,PMX383.xml
231568,vendorpayment,PMX383.xml
234784,vendorpayment,PMX3102.xml
234784,vendorpayment,PMX3102.xml
234784,vendorpayment,PMX3102.xml
234784,vendorpayment,PMX3102.xml
234784,vendorpayment,PMX3102.xml
234784,vendorpayment,PMX3102.xml
234784,vendorpayment,PMX3102.xml
231568,vendorpayment,PMX383.xml
231568,vendorpayment,PMX383.xml
231568,vendorpayment,PMX383.xml
231568,vendorpayment,PMX383.xml
231568,vendorpayment,PMX383.xml
231568,vendorpayment,PMX383.xml
231568,vendorpayment,PMX383.xml
